slug,name,address,units,company_now,rent_min,rent_max,bedrooms,area,company,website,notes
the-dean-campustown,The Dean Campustown,"708 S Sixth St, Champaign",345,GMH Communities,1160,2380,Studio-4,Campustown,GMH Communities,https://www.thedean.com/campustown/,"Per bed (inferred; site doesn't say). 'Starting at' prices from official floor plans, 2027-28."
310-e-springfield-ave,310 E Springfield Ave,"310 E Springfield Ave, Champaign",259,,920,1795,Studio-3,Midtown,Yugo,https://www.burnham310.com/,"Mixed: shared 2BR/3BR per bed; studio/1BR ($1,499-1,795) per unit. Marketed as Burnham 310. Official site has no prices; rent/area from AmberStudent."
hub-champaign-daniel,Hub Champaign Daniel,"812 S Sixth St, Champaign",241,Core Spaces,1047,1858,Studio-4,Campustown,Core Spaces,https://huboncampus.com/champaign/,Likely per bed (basis not stated). Official site shows no prices; 'starting at' rents from Acolyte Living. Leasing Fall 2027.
seven07,Seven07,"707 S Fourth St, Champaign",219,,1019,1700,Studio-4,Seniorland,Cardinal Group Management,https://liveseven07.com/,"Per bed. Rent from ApartmentIQ (AmberStudent similar: $1,054-2,030); official site shows plans but no prices. Leasing Fall 2027."
illini-tower,Illini Tower,"409 Chalmers St, Champaign",192,,765,1851,Studio-4,Campustown,B.HOM Student Living,https://illinitower.prospectportal.com/champaign/illini-tower/,"Mixed: per bed for suites, per unit for studios (ApartmentIQ). Official site lists only shared 2BR at $1,250/person for 2026-27. Private certified dorm; meal plan required, not in rent."
209-e-university-ave,209 E University Ave,"209 E University Ave, Champaign",176,Green Street Realty,1250,3200,Studio-4,Midtown,Green Street Realty,https://www.greenstrealty.com/properties/profile/209-e-university-ave,"Per unit ($675-862.50/bed). Fall 2027 lease, official GSR profile. Plus $55/bed utility fee."
latitude,Latitude,"508 E University Ave, Champaign",176,Student Quarters,800,1379,1-4,Engineering,The Scion Group,https://latitude-champaign.com/,"Per bed. Differs from company_now (Student Quarters); site footer and apartments.com show Scion. Two-building complex with 608 E University sharing one site, so values are combined and identical for both rows. Official site quotes no rates; $800 from apartments.com, $1,379 (1BR) from rentable.co. Sits just north of University Ave, slightly outside the usual Engineering boundary."
latitude-608-e-university-ave,Latitude,"608 E University Ave, Champaign",170,Student Quarters,800,1379,1-4,Engineering,The Scion Group,https://latitude-champaign.com/,"Per bed. Same complex and combined data as 508 E University row. Differs from company_now (Student Quarters). Sits just north of University Ave, slightly outside the usual Engineering boundary."
309-e-springfield-ave,309 E Springfield Ave,"309 E Springfield Ave, Champaign",163,Green Street Realty,1525,4200,Studio-4,Midtown,Green Street Realty,https://www.iconchampaign.com/,"Per unit ($1,000-1,175/bed). Building is ICON. Fall 2027 lease, official GSR profile."
the-tower-at-third,The Tower At Third,"302 E John St, Champaign",155,,864,1579,1-3,Seniorland,American Campus Communities,https://www.americancampus.com/student-apartments/il/champaign/tower-at-3rd,"Mixed: shared 2BR/3BR $864-969 per bed; 1BR $1,579 per unit. 2026-27 rents from Admistay/AmberStudent; ACC page shows no prices."
512-s-third,512 S Third,"512 S Third St, Champaign",144,,805,1475,1-4,Midtown,Yugo,https://yugochampaignsouth3rdlofts.prospectportal.com/champaign/yugo-champaign-south-3rd-lofts/,"Per bed (1BR $1,445-1,475 per unit). Marketed as Yugo Champaign South 3rd Lofts. Fall 2027 rents from official site."
here-apartments,Here Apartments,"312 E Green St, Champaign",143,,899,1194,2-4,Campustown,Article Student Living,https://www.herechampaign.com/,"Per bed. Marketed as HERE Champaign (site uses 308 E Green). Official site shows $0 placeholders; min from AcolyteLiving 2026-27, max from a UIUC sublease post, so max is weak."
401-chalmers-st,401 Chalmers St,"401 Chalmers St, Champaign",138,,865,1009,Studio-1,Campustown,JSM Living,https://jsmliving.com/node/129751,"Per unit. Marketed as 401 E. Chalmers. Fall 2027, official JSM site. Plus $121/mo utility fee."
309-e-green-st,309 E Green St,"309 E Green St, Champaign",114,,1049,1304,2-4,Campustown,American Campus Communities,https://www.americancampus.com/student-apartments/il/champaign/309-green,"Per bed. Marketed as 309 Green. ACC page doesn't render prices; rents from AmberStudent (Daily Illini shows 4x2 a bit lower at $979-1,039)."
212-east,212 East,"212 E Green St, Champaign",110,Campus Advantage,959,unavailable,2-4,Campustown,Core Spaces,https://www.therivechampaign.com/,Likely per bed. Renamed The Rive Champaign. Differs from company_now (Campus Advantage). Official site has no prices; $959 'from' from apartments.com. No max found.
502-e-healey-st,502 E Healey St,"502 E Healey St, Champaign",110,The University Group,1395,2390,Studio-2,Engineering,The University Group,https://ugroupcu.com/property-details/502-e-healey-champaign,Per unit. Fall 2027 prices from official UGroup page.
462107377001,462107377001,"202 S Fourth St, Champaign",103,,1089,1849,1-4,Engineering,Asset Living,https://liveatoctave.com/,"Per bed. Probably one of Octave's two buildings (202/210 S Fourth); the site only names 210 and publishes combined plans, so values match the 210 S Fourth row. The 202 match is inferred. Fall 2027."
103-e-healey-st,103 E Healey St,"103 E Healey St, Champaign",98,Green Street Realty,1350,2000,Studio-2,Midtown,Green Street Realty,https://www.greenstrealty.com/properties/profile/103-e-healey-st,"Per unit. Fall 2027 lease, official GSR profile."
303-e-chalmers-st,303 E Chalmers St,"303 E Chalmers St, Champaign",97,The University Group,1440,2050,Studio-2,Seniorland,The University Group,https://ugroupcu.com/property-details/303-e-chalmers-champaign/,Per unit. UGroup page's unit table didn't load; Aug 2027 prices from RentCollegePads.
605-s-fourth-st,605 S Fourth St,"605 S Fourth St, Champaign",89,The University Group,1445,2050,Studio-2,Midtown,The University Group,https://ugroupcu.com/property-details/605-s-fourth-champaign/,Per unit. Called The Peer on RentCollegePads. Aug 2027 prices from RCP; UGroup unit table didn't load.
skelton-place,Skelton Place,"302 S Second St, Champaign",84,,1125,2000,Studio-3,Midtown,Green Street Realty,https://www.greenstrealty.com/properties/profile/302-s-second-st,"Per unit. Former HACC Skelton Place, now marketed as 302 S. Second St. Fall 2027, official GSR profile. Plus $65/bed utility fee."
vue,Vue,"711 S Fourth St, Champaign",84,Green Street Realty,1600,4500,Studio-4,Seniorland,Green Street Realty,https://www.greenstrealty.com/properties/profile/711-s-fourth-st,"Per unit ($1,075-1,300/bed). Fall 2027 lease, official GSR profile. No 3BR."
462107377002-thru-004,462107377002 thru -004,"210 S Fourth St, Champaign",77,,1089,1849,1-4,Engineering,Asset Living,https://liveatoctave.com/,"Per bed. Octave at 210 S Fourth (address confirmed on site). Combined plans for both Octave buildings, Fall 2027, official site."
75-armory,75 Armory,"75 E Armory Ave, Champaign",72,,855,1000,2-4,Seniorland,The University Group,https://ugroupcu.com/property-details/75-e-armory-champaign,Likely per bed (not stated). UGroup page has no prices; rents from RentCollegePads (Aug 2026 listings).
903-s-first-st,903 S First St,"903 S First St, Champaign",72,,595,805,1-3,Seniorland,Roland Realty,https://www.roland-realty.com/unit-listings/903-s-first-st-301,"Mixed: 2BR/3BR $595 per bed; 1BR $805 per unit (Rentable/ApartmentIQ). Roland's own unit listing shows 3BR at $658/bed for Fall 2026. No building page, so link is a unit listing."
green-st-towers,Green St Towers,"608 E Green St, Champaign",72,,970,985,4,Campustown,JSM Living,https://www.jsmliving.com/node/130567,"Per bed ($3,880-3,940/unit). Listings give the address as 616 E Green, not 608. Fall 2027 rents from JSM. Plus $196 utility fee."
maywood-apartments,Maywood Apartments,"51 E John St, Champaign",72,,910,1005,2-4,Seniorland,unavailable,https://maywoodapts.com/,"Per bed. Rents from Zillow/apartments.com (Amber shows lower, $700-855); official site has no prices. Manager not named anywhere."
1008-s-fourth-st,1008 S Fourth St,"1008 S Fourth St, Champaign",67,,925,1250,Studio-4,Campustown,Green Street Realty,https://www.greenstrealty.com/properties/profile/1008-s-fourth-st,"Per bed for 2-4BR (studios $1,575-1,650 per unit). Fall 2027, official GSR profile. Aggregators describe a 171-unit complex (The Academy Campustown), which doesn't match 67 units."
54-e-john-st,54 E John St,"54 E John St, Champaign",65,Green Street Realty,1450,1525,Studio-1,Seniorland,Green Street Realty,https://www.greenstrealty.com/properties/profile/54-e-john-st,"Per unit. Fall 2027 lease, official GSR profile."
401-e-university-ave,401 E University Ave,"401 E University Ave, Champaign",64,The University Group,1395,1395,1,Engineering,The University Group,https://ugroupcu.com/property-details/401-e-university-champaign,Per unit. All furnished 1BR. Aug 2027 price from RentCollegePads; UGroup unit table didn't load.
408-e-healey-st,408 E Healey St,"408 E Healey St, Champaign",64,,1399,2780,1-4,Engineering,Smile Student Living,https://www.rentable.co/champaign-il/408-e-healey-st,"Per unit (by-the-room $538-829). From Rentable/ApartmentIQ; Smile's own site doesn't list this building, so link is the Rentable listing."
410-e-green-st,410 E Green St,"410 E Green St, Champaign",64,,930,1700,Studio-3,Campustown,Bankier Apartments,https://www.410bankierapartments.com/,"Per bed (base rent). From apartments.com, 2027-28; official site shows no prices."
the-suites-at-third,The Suites at Third,"707 S Third St, Champaign",63,American Campus Communities,724,1199,2-4,Seniorland,American Campus Communities,https://www.americancampus.com/student-apartments/il/champaign/the-suites-at-3rd,Per bed. ACC prices load via JavaScript and couldn't be read; rents from Acolyte Living ($724 is a shared room). Fall 2027.
412-e-healey-st,412 E Healey St,"412 E Healey St, Champaign",61,The University Group,1440,1690,Studio-1,Engineering,The University Group,https://ugroupcu.com/property-details/412-e-healey-champaign/,Per unit. Aug 2027 prices from RentCollegePads; UGroup unit table didn't load.
107-e-springfield-ave,107 E Springfield Ave,"107 E Springfield Ave, Champaign",60,,549,1149,Studio-4,Midtown,Smile Student Living,https://www.smilestudentliving.com/,"Likely per bed (Rentable's labels are inconsistent). Aug 2027 rents from rentable.co; no building page on Smile's site, so link is the company homepage."
202-e-green-st,202 E Green St,"202 E Green St, Champaign",60,,900,1640,1-4,Campustown,Bankier Apartments,https://www.202bankierapartments.com/,"Per bed. From apartmentfinder, 2027-28; official site has no prices."
202-e-john-st,202 E John St,"202 E John St, Champaign",60,,625,1400,1-6,Seniorland,Bankier Apartments,https://www.202johnbankierapartments.com/,"Per bed. Marketed as The Alcove @ Second & John. From apartments.com/apartmentfinder, 2027-28."
32-e-green-st,32 E Green St,"32 E Green St, Champaign",60,Green Street Realty,2200,3700,2-4,Campustown,Green Street Realty,https://www.greenstrealty.com/properties/profile/32-e-green-st,"Per unit ($900-1,137.50/bed). Fall 2027 lease, official GSR profile. West of First, at the downtown edge of Campustown."
multiple-302-s-first-st,Multiple,"302 S First St, Champaign",58,The University Group,1350,unavailable,1-2,Midtown,The University Group,https://ugroupcu.com/property-details/?property=13,"Per unit. Building is Midtown Plaza (302-310 S First). $1,350 'starting at' from apartments.com; no current max listed anywhere (older Rentable data had 2BR at up to $945/bed). Rentable shows 48 units, not 58."
707-s-sixth-st,707 S Sixth St,"707 S Sixth St, Champaign",57,,1015,1225,1-2,Campustown,JSM Living,https://www.jsmliving.com/,"Per unit. Marketed as Lando Place. From apartments.com and uhomes; no lease year shown. JSM site blocked, so link is the company homepage."
315-e-john-st,315 E John St,"315 E John St, Champaign",53,Cochrane Premier Properties,1200,1440,Studio-2,Seniorland,The University Group (Cochrane Premier Properties),https://ugroupcu.com/property-details/315-e-john-champaign/,"Per unit. Weakly sourced: an expired HotPads studio listing ($1,200) and an awehome 'from $1,440'. Building site 315john.com blocked."
112-e-green,112 E Green,"112 E Green St, Champaign",52,Bankier Apartments,875,875,2-4,Campustown,Bankier Apartments,https://www.112bankierapartments.com/,Per bed. Only the 2BR has a listed price (apartments.com/apartmentfinder); 4BR price and size not found. Leased out for 2026-27.
52-e-armory,52 E Armory,"52 E Armory Ave, Champaign",52,,599,1239,1-4,Seniorland,Smile Student Living,https://www.smilestudentliving.com/seniorland,Likely per bed (Rentable's labels are inconsistent). Aug 2027 rents from rentable.co.
615-s-wright-st,615 S Wright St,"615 S Wright St, Champaign",52,,789,1219,Studio-4,Engineering,Smile Student Living,https://www.smilestudentliving.com/,"Likely per bed (Rentable/apartmentfinder labels conflict). Aug 2027 rents from rentable.co. Smile's leasing office is here; no building page, so link is the company homepage."
healey-place,Healey Place,"601 S First St, Champaign",52,The University Group,1295,3900,Studio-4,Midtown,The University Group,https://ugroupcu.com/property-details/601-s-first-champaign,Per unit ($960-975/bed for 3-4BR). Aug 2027 prices from RentCollegePads. UGroup lists it as 601 S. First.
